{
 "per_arm": {
  "openvla": {
   "C": {
    "trans_l2": {
     "mean": 0.0007205815441468393,
     "ci95": 0.0010287436978017432,
     "n_frames": 22
    },
    "trans_cos": {
     "mean": 0.9673899248144487,
     "ci95": 0.047105889127355666,
     "n_frames": 22
    },
    "rot_l2": {
     "mean": 0.006644301498781092,
     "ci95": 0.007764152201210856,
     "n_frames": 22
    },
    "grip_flip": {
     "mean": 0.0,
     "ci95": 0.0,
     "n_frames": 22
    }
   },
   "P": {
    "trans_l2": {
     "mean": 0.002451176188261907,
     "ci95": 0.0009515483036869844,
     "n_frames": 22
    },
    "trans_cos": {
     "mean": 0.8489117465994596,
     "ci95": 0.09480063556978699,
     "n_frames": 22
    },
    "rot_l2": {
     "mean": 0.0144675265261752,
     "ci95": 0.0064447283131774625,
     "n_frames": 22
    },
    "grip_flip": {
     "mean": 0.022727272727272728,
     "ci95": 0.033325035866691964,
     "n_frames": 22
    }
   },
   "S": {
    "trans_l2": {
     "mean": 0.006067870195164279,
     "ci95": 0.0031069848907390872,
     "n_frames": 22
    },
    "trans_cos": {
     "mean": 0.7963215689450877,
     "ci95": 0.13185685666691763,
     "n_frames": 22
    },
    "rot_l2": {
     "mean": 0.02629868313035756,
     "ci95": 0.010863477051928937,
     "n_frames": 22
    },
    "grip_flip": {
     "mean": 0.011363636363636364,
     "ci95": 0.023631975508269083,
     "n_frames": 22
    }
   },
   "G": {
    "trans_l2": {
     "mean": 0.008906062326718584,
     "ci95": 0.002778730171222489,
     "n_frames": 22
    },
    "trans_cos": {
     "mean": 0.5474572292517895,
     "ci95": 0.18860223974803944,
     "n_frames": 22
    },
    "rot_l2": {
     "mean": 0.036718860092273826,
     "ci95": 0.008935777039641662,
     "n_frames": 22
    },
    "grip_flip": {
     "mean": 0.07575757575757575,
     "ci95": 0.10128823048626046,
     "n_frames": 22
    }
   },
   "T": {
    "trans_l2": {
     "mean": 0.016364808812120525,
     "ci95": 0.008206916560651674,
     "n_frames": 22
    },
    "trans_cos": {
     "mean": 0.10842955655619768,
     "ci95": 0.28848944868769943,
     "n_frames": 22
    },
    "rot_l2": {
     "mean": 0.050728572755661734,
     "ci95": 0.014755240802046479,
     "n_frames": 22
    },
    "grip_flip": {
     "mean": 0.22727272727272727,
     "ci95": 0.19017780681896018,
     "n_frames": 22
    }
   },
   "orig_trans_magnitude": {
    "mean": 0.012236799375630587,
    "median": 0.009323530673864336
   }
  },
  "spatialvla": {
   "C": {
    "trans_l2": {
     "mean": 0.0006334571844575902,
     "ci95": 0.001099884985772561,
     "n_frames": 22
    },
    "trans_cos": {
     "mean": 0.9736377583234529,
     "ci95": 0.053264183385342605,
     "n_frames": 22
    },
    "rot_l2": {
     "mean": 0.0058154035551275345,
     "ci95": 0.008346044624006675,
     "n_frames": 22
    },
    "grip_flip": {
     "mean": 0.0,
     "ci95": 0.0,
     "n_frames": 22
    }
   },
   "P": {
    "trans_l2": {
     "mean": 0.0034150088309075747,
     "ci95": 0.0021754084427981642,
     "n_frames": 22
    },
    "trans_cos": {
     "mean": 0.9061095798301442,
     "ci95": 0.05670530257914122,
     "n_frames": 22
    },
    "rot_l2": {
     "mean": 0.022475042371989492,
     "ci95": 0.011187250688594998,
     "n_frames": 22
    },
    "grip_flip": {
     "mean": 0.045454545454545456,
     "ci95": 0.04481479056458365,
     "n_frames": 22
    }
   },
   "S": {
    "trans_l2": {
     "mean": 0.0063711024908991686,
     "ci95": 0.0028743350118438115,
     "n_frames": 22
    },
    "trans_cos": {
     "mean": 0.8046717362990915,
     "ci95": 0.09823332263209474,
     "n_frames": 22
    },
    "rot_l2": {
     "mean": 0.035738629382242905,
     "ci95": 0.012111839132996407,
     "n_frames": 22
    },
    "grip_flip": {
     "mean": 0.03409090909090909,
     "ci95": 0.051826402955198345,
     "n_frames": 22
    }
   },
   "G": {
    "trans_l2": {
     "mean": 0.008611525368588634,
     "ci95": 0.0037508345959048387,
     "n_frames": 22
    },
    "trans_cos": {
     "mean": 0.6716810600843348,
     "ci95": 0.16961914789149032,
     "n_frames": 22
    },
    "rot_l2": {
     "mean": 0.044032135810160404,
     "ci95": 0.0161066108711894,
     "n_frames": 22
    },
    "grip_flip": {
     "mean": 0.1212121212121212,
     "ci95": 0.09723981299061411,
     "n_frames": 22
    }
   },
   "T": {
    "trans_l2": {
     "mean": 0.023777074465319084,
     "ci95": 0.008572357588173034,
     "n_frames": 22
    },
    "trans_cos": {
     "mean": -0.3464531413382085,
     "ci95": 0.2332422698970815,
     "n_frames": 22
    },
    "rot_l2": {
     "mean": 0.06923345794740798,
     "ci95": 0.02111456549705432,
     "n_frames": 22
    },
    "grip_flip": {
     "mean": 0.22727272727272727,
     "ci95": 0.19017780681896018,
     "n_frames": 22
    }
   },
   "orig_trans_magnitude": {
    "mean": 0.015296797461478261,
    "median": 0.011483622179398332
   }
  }
 },
 "within_model_ratios": {
  "openvla": {
   "P": {
    "agg_ratio_vs_G": 0.275225582119302,
    "median_per_frame_ratio": 0.3119271711421353,
    "n_frames_ratio_defined": 22,
    "agg_ratio_vs_T": 0.1497833684709139,
    "frac_frames_gt_G": 0.0,
    "wilcoxon_arm_vs_G_p": 4.76837158203125e-07
   },
   "S": {
    "agg_ratio_vs_G": 0.6813190804830097,
    "median_per_frame_ratio": 0.5696024652723499,
    "n_frames_ratio_defined": 22,
    "agg_ratio_vs_T": 0.3707877229014822,
    "frac_frames_gt_G": 0.13636363636363635,
    "wilcoxon_arm_vs_G_p": 0.005928516387939453
   }
  },
  "spatialvla": {
   "P": {
    "agg_ratio_vs_G": 0.3965625931224853,
    "median_per_frame_ratio": 0.12860695193024882,
    "n_frames_ratio_defined": 19,
    "agg_ratio_vs_T": 0.1436261149742648,
    "frac_frames_gt_G": 0.22727272727272727,
    "wilcoxon_arm_vs_G_p": 0.0011546984443107464
   },
   "S": {
    "agg_ratio_vs_G": 0.7398343752360502,
    "median_per_frame_ratio": 0.6936577536294872,
    "n_frames_ratio_defined": 19,
    "agg_ratio_vs_T": 0.2679514883209022,
    "frac_frames_gt_G": 0.22727272727272727,
    "wilcoxon_arm_vs_G_p": 0.035479948495524216
   }
  }
 },
 "cross_model_ratio_diffs": {
  "P": {
   "ratio": {
    "n_frames": 19,
    "openvla_mean": 0.32026049824749075,
    "spatialvla_mean": 0.4522581866174045,
    "mean_diff": -0.13199768836991382,
    "median_diff": 0.020892294684352553,
    "frac_frames_spatialvla_lower": 0.5263157894736842,
    "wilcoxon_p": 0.5677604675292969
   },
   "symmetric_index": {
    "n_frames": 21,
    "openvla_mean": -0.5664028136620255,
    "spatialvla_mean": -0.3863818651485438,
    "mean_diff": -0.18002094851348183,
    "frac_frames_spatialvla_lower": 0.47619047619047616,
    "wilcoxon_p": 0.35541629791259766
   }
  },
  "S": {
   "ratio": {
    "n_frames": 19,
    "openvla_mean": 0.5401725307062649,
    "spatialvla_mean": 0.805794073090322,
    "mean_diff": -0.26562154238405694,
    "median_diff": -0.09832529247110322,
    "frac_frames_spatialvla_lower": 0.42105263157894735,
    "wilcoxon_p": 0.4204264735837405
   },
   "symmetric_index": {
    "n_frames": 21,
    "openvla_mean": -0.35837255700033194,
    "spatialvla_mean": -0.1533666547789233,
    "mean_diff": -0.20500590222140871,
    "frac_frames_spatialvla_lower": 0.38095238095238093,
    "wilcoxon_p": 0.21795726558824124
   }
  }
 },
 "cross_model_gripper": {
  "C": {
   "openvla": 0.0,
   "spatialvla": 0.0,
   "wilcoxon_p": NaN
  },
  "P": {
   "openvla": 0.022727272727272728,
   "spatialvla": 0.045454545454545456,
   "wilcoxon_p": 0.2422880965362707
  },
  "S": {
   "openvla": 0.011363636363636364,
   "spatialvla": 0.03409090909090909,
   "wilcoxon_p": 0.31731050786291415
  },
  "G": {
   "openvla": 0.07575757575757575,
   "spatialvla": 0.1212121212121212,
   "wilcoxon_p": 0.5950764956239487
  },
  "T": {
   "openvla": 0.22727272727272727,
   "spatialvla": 0.22727272727272727,
   "wilcoxon_p": 1.0
  }
 },
 "cross_model_abs_trans_l2": {
  "C": {
   "openvla_mm": 0.7205815441468393,
   "spatialvla_mm": 0.6334571844575901,