{
 "per_arm": {
  "C": {
   "trans_l2": {
    "mean": 0.0007205815441468393,
    "ci95": 0.0010287436978017432,
    "n_frames": 22
   },
   "trans_cos": {
    "mean": 0.9673899248144487,
    "ci95": 0.047105889127355666,
    "n_frames": 22
   },
   "rot_l2": {
    "mean": 0.006644301498781092,
    "ci95": 0.007764152201210856,
    "n_frames": 22
   },
   "grip_flip": {
    "mean": 0.0,
    "ci95": 0.0,
    "n_frames": 22
   }
  },
  "P": {
   "trans_l2": {
    "mean": 0.002451176188261907,
    "ci95": 0.0009515483036869844,
    "n_frames": 22
   },
   "trans_cos": {
    "mean": 0.8489117465994596,
    "ci95": 0.09480063556978699,
    "n_frames": 22
   },
   "rot_l2": {
    "mean": 0.0144675265261752,
    "ci95": 0.0064447283131774625,
    "n_frames": 22
   },
   "grip_flip": {
    "mean": 0.022727272727272728,
    "ci95": 0.033325035866691964,
    "n_frames": 22
   }
  },
  "S": {
   "trans_l2": {
    "mean": 0.006067870195164279,
    "ci95": 0.0031069848907390872,
    "n_frames": 22
   },
   "trans_cos": {
    "mean": 0.7963215689450877,
    "ci95": 0.13185685666691763,
    "n_frames": 22
   },
   "rot_l2": {
    "mean": 0.02629868313035756,
    "ci95": 0.010863477051928937,
    "n_frames": 22
   },
   "grip_flip": {
    "mean": 0.011363636363636364,
    "ci95": 0.023631975508269083,
    "n_frames": 22
   }
  },
  "G": {
   "trans_l2": {
    "mean": 0.008906062326718584,
    "ci95": 0.002778730171222489,
    "n_frames": 22
   },
   "trans_cos": {
    "mean": 0.5474572292517895,
    "ci95": 0.18860223974803944,
    "n_frames": 22
   },
   "rot_l2": {
    "mean": 0.036718860092273826,
    "ci95": 0.008935777039641662,
    "n_frames": 22
   },
   "grip_flip": {
    "mean": 0.07575757575757575,
    "ci95": 0.10128823048626046,
    "n_frames": 22
   }
  },
  "T": {
   "trans_l2": {
    "mean": 0.016364808812120525,
    "ci95": 0.008206916560651674,
    "n_frames": 22
   },
   "trans_cos": {
    "mean": 0.10842955655619768,
    "ci95": 0.28848944868769943,
    "n_frames": 22
   },
   "rot_l2": {
    "mean": 0.050728572755661734,
    "ci95": 0.014755240802046479,
    "n_frames": 22
   },
   "grip_flip": {
    "mean": 0.22727272727272727,
    "ci95": 0.19017780681896018,
    "n_frames": 22
   }
  }
 },
 "ratios": {
  "P": {
   "ratio_vs_G": 0.275225582119302,
   "ratio_vs_T": 0.1497833684709139,
   "frac_frames_gt_G": 0.0,
   "wilcoxon_vs_G_p": 4.76837158203125e-07
  },
  "S": {
   "ratio_vs_G": 0.6813190804830097,
   "ratio_vs_T": 0.3707877229014822,
   "frac_frames_gt_G": 0.13636363636363635,
   "wilcoxon_vs_G_p": 0.005928516387939453
  }
 },
 "per_variant": {
  "C/jpeg95": {
   "mean": 0.0007205815441468393,
   "std": 0.00226690925232929,
   "n": 22
  },
  "P/bright_dn": {
   "mean": 0.0017252541284208534,
   "std": 0.0030370592594668945,
   "n": 22
  },
  "P/bright_up": {
   "mean": 0.0016966091214394837,
   "std": 0.002761693232270412,
   "n": 22
  },
  "P/contrast_dn": {
   "mean": 0.003250120632035866,
   "std": 0.004443774021152557,
   "n": 22
  },
  "P/contrast_up": {
   "mean": 0.005064940969531115,
   "std": 0.004763843410336466,
   "n": 22
  },
  "P/gamma_06": {
   "mean": 0.0025186199754314593,
   "std": 0.00411804861417544,
   "n": 22
  },
  "P/gamma_16": {
   "mean": 0.0023299443880429004,
   "std": 0.003359510629753341,
   "n": 22
  },
  "P/hue_m20": {
   "mean": 0.002505697458420978,
   "std": 0.004007361228824688,
   "n": 22
  },
  "P/hue_p20": {
   "mean": 0.0016377972030274352,
   "std": 0.0030534222520259154,
   "n": 22
  },
  "P/iso_noise": {
   "mean": 0.003015974548407338,
   "std": 0.003843768309227052,
   "n": 22
  },
  "P/wb_warm": {
   "mean": 0.0007668034578616467,
   "std": 0.002095380425766113,
   "n": 22
  },
  "S/industrial": {
   "mean": 0.004756803336904781,
   "std": 0.005387076762045683,
   "n": 22
  },
  "S/nightroom": {
   "mean": 0.0061401222043234805,
   "std": 0.007866903785431019,
   "n": 22
  },
  "S/warmkitchen": {
   "mean": 0.006869719328813834,
   "std": 0.008451665375585808,
   "n": 22
  },
  "S/whitelab": {
   "mean": 0.0065048359106150205,
   "std": 0.009119757239977457,
   "n": 22
  },
  "G/rot10": {
   "mean": 0.008931778081463592,
   "std": 0.009543946843981407,
   "n": 22
  },
  "G/shift05": {
   "mean": 0.009621093834145502,
   "std": 0.008687648821453203,
   "n": 22
  },
  "G/shift10": {
   "mean": 0.008165315064546657,
   "std": 0.007580493209333424,
   "n": 22
  },
  "T/tplus": {
   "mean": 0.016364808812120525,
   "std": 0.018084519131626443,
   "n": 22
  }
 },
 "orig_trans_magnitude_mean": 0.012236799375630587,
 "n_frames": 22,
 "n_predictions": 440
}